color,x,y
cat,-0.019719230797166896,-2.737810297018256
cat,-1.7004582353064492,-4.794394567115912
cat,-3.7854136758854926,-0.9048224898460796
cat,-4.254317913889393,-5.066732495753517
cat,-1.6905853357426126,-0.304287704011327
cat,-5.4848562704280726,0.4665412213301342
cat,-3.186173795008167,-0.9132463860027688
cat,-2.426291558619239,-2.597581820253509
cat,1.5328640916048897,-5.220615797010331
cat,-1.1990597743027667,-4.959654959527353
cat,-0.9719344711148258,-1.9210782657198284
cat,-2.9708707211899172,-1.4383603256405944
cat,1.2803849715375641,-4.183090379595331
cat,-4.70271711317608,-0.7941748694587676
cat,-5.369363104560178,-0.26195909119064237
cat,-2.0076084296996077,-1.1320760152084517
cat,-3.930234604887668,0.9149611733422316
cat,-5.950503511278424,-0.30654073437914253
cat,0.15158367398407138,-0.9875388984402721
cat,-0.6717356320326806,-6.065239470381264
cat,-2.78271167931672,-4.103470683987734
cat,-0.5697655652948742,-4.825038659279535
cat,-4.159944496764258,0.609744495711457
cat,-0.1476553764712251,-4.398280161925387
cat,-2.08689137034086,-4.822941776321438
cat,-4.970829551538763,-0.33274442462213405
cat,-1.8788206717280655,-4.399820642998609
cat,-4.825070441021797,-3.4669252448883947
cat,-2.919441280263545,-5.373155703426627
cat,-1.1506782197164263,-4.839246707043073
cat,-2.3482315945104433,-5.26536112829775
cat,-3.1485166247315246,-1.6284231601803212
cat,-1.2549057683688387,-3.234417818677842
cat,-3.8745298347723054,-1.6008087631185377
cat,-1.0326802285218122,-4.4894392786981765
cat,-1.451032168488589,-3.967076857359231
cat,-2.8647498063461994,-3.2944430706104115
cat,-3.8430018091195777,-0.3433692153537048
cat,-0.9548799480007912,-5.070413630620905
cat,-0.6893638929168715,-3.649004547350675
cat,-1.7620265243823523,-2.892315364322103
cat,-0.9387352031475871,-4.798312737780453
cat,-2.2179254545864566,0.612540921890544
cat,-3.6392694232941234,-0.8139628613646694
cat,-2.893468208391605,-3.1768333952041896
cat,-2.0537768545099033,-1.269105774377245
cat,-3.2685746071972885,-1.3226135652595403
cat,-0.6746066691072586,-0.06920584506686579
cat,-4.849616692919737,-2.3985329011735423
cat,-1.405917136189985,-1.5452837215319333
cat,-0.8533066482277645,-0.7198594414898657
cat,-4.346760606341185,-2.3284971986746177
cat,-5.095003988953058,-2.058190797250988
cat,-0.5156865147348844,-2.1465977103251777
cat,0.5096143237185345,-3.6895203722843064
cat,-5.694755764666075,-2.0345129537379507
cat,-4.0300744495916545,-4.114311483381044
cat,-3.756710834604643,-1.6501727944553444
cat,-2.280178269036767,-0.4076495761921706
cat,-3.302243062668737,-2.9823091474161387
cat,-2.1922074584189577,0.1947808588921182
cat,-3.9237865664181197,-4.158802053794715
cat,-3.874523761740371,0.5526674724241437
cat,-2.6794105486710276,0.01468374887352595
cat,-3.2485151620872554,-5.471583810035751
cat,0.7028995225751102,-4.3511584671049635
cat,-1.6723614969845928,-3.722618772238152
cat,-2.5133123211679798,-0.7079808654631574
cat,-1.6215709303373216,-1.2920696737621236
cat,-3.3118323776895586,-1.1657175742454782
cat,-1.9959615586286779,-3.5580650775268206
cat,1.5300487107152956,-5.297149782860629
cat,-1.7596685862855854,-5.006982908537341
cat,-3.8934086142238615,-2.1675680451904746
cat,0.13388546445036317,-1.0550262574355926
cat,-4.20908898631146,-1.7785712480442206
cat,-0.5071505146288039,-4.608172912192149
cat,-2.107280712220658,-5.282836101063306
cat,-4.263439851551351,-3.005058321993034
cat,-2.3031131410505963,-1.1873474329250697
cat,-5.152956356646967,-2.633310972091603
cat,-0.5650653268696734,-4.876600780045979
cat,-4.607068274788654,0.03810105077494201
cat,-1.715766956001327,-3.8237791378254102
cat,-1.8232073800427502,-1.1644207658703096
cat,-3.844070683333145,1.2702011632231056
cat,-1.0506288637638668,-0.6199312830404015
cat,-4.976288302827213,-0.8744286720662668
cat,0.48678894270022144,-5.843402579495057
cat,-4.137290778902042,-4.052764584102206
cat,-3.4941225862785488,-1.2319150796643956
cat,0.11750242429259236,-5.875923835858535
cat,-4.637423890560103,-1.3116430777408397
cat,-4.207943939230128,-3.7580586684328408
cat,0.4737644007787938,-3.01561152720248
cat,-3.291056910339243,1.3602096837559996
cat,-2.2984831834487727,-1.1103105530000394
cat,-2.190292714229728,-1.539174262253796
cat,-4.806723671282505,-1.4299005523104342
cat,-0.631229824180087,-3.284076233388195
cat,-2.19454469364425,-5.47866742420271
cat,-1.9978868674118548,-0.4547516922824134
cat,-4.719416196819,-2.1014502003107642
cat,-4.659708832747441,-2.7885458068645077
cat,-1.3090344649726233,-3.634070764707297
cat,-3.3370538337552214,-3.6043469102987475
cat,-5.554039576599333,-2.0842762564737893
cat,-3.0272919208475817,-3.365402503627271
cat,-4.8992511380331045,-0.847337475169805
cat,-5.771632031667757,-3.7259929422369247
cat,-3.0274612940528423,-3.7930804314720827
cat,-1.337346348300502,-5.287493361726451
cat,-0.18779552215041168,-0.4516439521681879
cat,-0.9982068223412466,-5.780558696265584
cat,-1.5899665820540954,-4.176249447408361
cat,-5.649454874561584,-2.421364808041546
cat,-2.3380134180698984,-2.172953667617543
cat,-1.248691117471583,-3.7278265453210184
cat,0.459627571933132,-5.186766214884199
cat,-2.0100152320638,-1.2800580716436853
cat,-1.8074838249924239,-6.572982342773986
cat,-0.898930260939727,-2.0743849987049163
cat,-3.5492419836774496,-0.08572734219701811
cat,-1.398024160858913,-4.4238869358161645
cat,-1.6566244853036465,-5.03613210918202
cat,-4.28107908679477,-3.4637090349617194
cat,0.006233337639614181,-0.782873933632798
cat,-5.102022915167443,-0.2155941983922491
cat,-3.3046604418852734,-3.475094411208769
cat,-2.0595637268792255,0.5393419034116129
cat,-1.825512947659774,-4.956470811928828
cat,-2.385006530695615,-5.381837293349213
cat,-3.000631996648046,-2.3634970077020547
cat,-0.15273658226421152,-0.6476565935092495
cat,1.296665272723005,-4.556155896489534
cat,-0.5816136451370146,-2.2117171408095784
cat,-4.325569329349055,-3.305395441072442
cat,-1.9522747767843096,-4.98426593018226
cat,-5.036595622595831,-0.3202141416757915
cat,-5.333829946787905,-1.5710970888798037
cat,-1.391333145746834,-5.076912644992009
cat,-2.4682876991639295,-3.034475667169861
cat,0.105919408412757,-0.8264891867089174
cat,-1.5219866607068406,-5.037268114600527
cat,-1.098437984855825,-1.798228857903774
cat,-0.9754812975185179,-4.945240430023681
cat,0.2278550789711971,-3.399520575242796
cat,-3.0352745968929087,-0.2799259039223476
cat,-3.420095976492153,-0.39791773479701736
cat,-1.8607837901979627,-2.625909134356774
cat,-2.67618861893981,-1.2827232842715115
cat,0.40539131830753,-3.4292307156385102
cat,-1.9436109129692578,-6.440867163698685
cat,-3.749543711755526,-4.956612871848793
cat,-0.5371405019777308,-6.071640441047238
cat,-2.7420560799330693,-0.5994526229799765
cat,-1.1503469715601282,-5.25039562787607
cat,-4.667121388325151,-2.2105277795627134
cat,-6.077061120597105,-0.2977860400128237
cat,-6.274236379023591,-1.8070069107979838
cat,1.533423893336242,-5.339906209715022
cat,-4.374768594108302,-0.08471221677585344
cat,-2.8898933915474774,-4.841755949613416
cat,-1.0694225874469818,-5.506668070453754
cat,-5.15079415161652,-0.5710720527947595
cat,-2.785055650179859,-4.839660720836528
cat,0.5361149054182404,-5.172773877329981
cat,-5.580974889980807,-3.8178237063115055
cat,0.9536031750747794,-4.289905844711651
cat,0.0010560979226432866,-5.720545711358929
cat,-4.607319700480321,-1.3042535975025595
cat,-3.607864230905631,-2.08255943869213
cat,-0.6740962910636829,-5.111623227534314
cat,-3.8076679530542483,-2.9778034783064293
cat,-3.1830952760101865,-2.708990475717182
cat,-5.300636326969721,0.46500292738566523
cat,-4.780823768457341,-2.215908763942771
cat,-0.8141622853711906,-1.997089200867032
cat,-3.9917870057315152,-0.8883475795711533
cat,-4.836094246440625,-1.0176878633815116
cat,-2.7050845190871295,-2.0682660845002916
cat,-5.462498356229076,-2.866201977808286
cat,-3.907617492714415,-1.806579784912063
cat,-2.4373690329447566,0.47538435337537666
cat,-5.574226278666991,-3.0314262607934297
cat,-4.578460940754605,-3.008450679918394
cat,0.10542325036267397,-0.9193411007680697
cat,1.371087567813381,-3.3790619000154947
cat,-3.157469888244747,-2.3042913325909877
cat,-3.750228904309441,-5.016588808322055
cat,-2.8643184858379658,-1.9381979306849524
cat,-1.0431222466325758,-2.586090475929093
cat,-3.661606549602484,-1.1617189930152791
cat,-3.1450506608410156,-1.272429101424701
cat,-0.8145241458196791,-5.642770633761508
cat,-0.9956288401351768,-1.9041057195343343
cat,1.0566131675871233,-4.207433510564796
cat,-3.709493040880195,-3.6630868629579636
cat,0.38487905454131827,-5.845417360302484
cat,-0.74879350664827,-2.8842349513602725
cat,-2.1407391912057947,-2.6972377449400757
cat,-0.8632619008322209,0.10661537656907225
cat,-0.051231606295725186,-0.7629902910363908
cat,-3.417916370536167,-4.73061764223218
cat,-2.8696415286962207,-0.10209798783974022
cat,-3.5192060268042233,-4.59838080080165
cat,-2.052054941570955,-1.7027805872703137
cat,-1.0176703107443361,-4.559005698924355
cat,-1.9723997192152771,-1.864846973913602
cat,-4.735946660373066,-1.6410325470134288
cat,0.11149375488704301,-0.891798512350263
cat,-0.2974002109367737,-2.9309959010545024
cat,-1.390427000628013,-4.225742096836791
cat,-1.9212920359655588,-4.095260744105418
cat,-1.321226191453092,-2.2795657078148865
cat,-5.482327789584288,0.2855264882805679
cat,0.6715395023124133,-4.285909701331374
cat,-2.12894435648195,0.36729799870209806
cat,-5.461875395773562,-2.0073074400710054
cat,-3.85986705763822,0.7256589935433403
cat,-0.8044188449015106,-5.427963427871586
cat,-1.8821352547749979,-6.4996630563109665
cat,-1.09979223742083,-3.9034297343193143
cat,-5.176669284181016,-0.37934615831714846
cat,-2.290461910629115,-4.279342747625048
cat,-2.0983332849602694,-4.697669100359422
dog,4.9949707394341445,3.6060313959063817
dog,2.7980536591421656,-1.7656088585216643
dog,0.8980109209265887,1.7729209196282878
dog,-0.2575518475081758,3.325024272822106
dog,5.644091178604452,0.13514649312501897
dog,3.405913094695526,0.1024299104734039
dog,-0.6063761447105825,2.4201245888227616
dog,2.3053343215477535,-0.0894572480000814
dog,1.3011095191721904,0.8447124136326145
dog,4.956509531190406,1.9289095783357164
dog,0.5122052364912009,2.9159994642454894
dog,4.037351066634854,4.513201491644459
dog,4.982450923541516,1.889672206767138
dog,-0.6585647511192979,4.041918256266727
dog,-1.0685652208630272,3.654933095116456
dog,0.6926993110908547,4.287028064264744
dog,-0.7134921956571832,5.259269855318481
dog,-0.5243179949563634,5.394543675495194
dog,4.732628597421274,1.3235151979778208
dog,2.8224400367651152,-0.022479711549465386
dog,-1.816270824207959,4.370023724051906
dog,2.2805641446635025,-1.6571361895709151
dog,2.0241524571628857,-0.3550915044626634
dog,0.48466653525395026,3.0045262466717797
dog,2.597278800633592,5.096204985382069
dog,-0.3097400532368919,4.8779491946715146
dog,1.6468826724606749,1.5268420743060613
dog,5.401877887584839,3.6514145065667867
dog,4.303993621735712,1.569800534826506
dog,4.766787638965166,5.559645635464967
dog,2.4764567354874996,-0.746391735386983
dog,2.3064829422489104,0.11223263171075892
dog,-0.19614221271542287,5.27626845094806
dog,-1.3414942627696367,4.910561434145725
dog,-1.815776669847249,3.293645155587668
dog,1.2425773337877497,2.1549018731491163
dog,1.6506231225884618,2.4595153020400753
dog,3.020473558478347,-0.8679333881648863
dog,2.27828306341868,0.917781094439869
dog,-0.9336239595529024,4.6811419725061345
dog,4.504464732388314,6.1559235652818325
dog,4.559871030833993,3.6921639301719646
dog,5.06298187466551,1.4127075338402915
dog,4.607724396239951,0.34007972204319126
dog,-0.42178761039114016,2.4414055826874503
dog,2.116039491464433,6.439665522042241
dog,-1.3918416793175261,2.737548466381196
dog,5.142645165227801,2.6310486688531936
dog,5.429503917179784,0.6411858051462683
dog,6.2858315078806095,4.049003897027222
dog,3.395763683230602,1.7407982303465248
dog,2.3827343353506674,4.211858537609719
dog,-1.710834924764917,3.3199146513958837
dog,2.560939225653456,2.7517820835810736
dog,0.6812385538743089,4.320570665256034
dog,2.9076386105415244,-0.07604000569600702
dog,2.5344781987013345,3.0628382782857795
dog,3.8919014597218493,1.9157637959100384
dog,-0.5098800170414409,2.1829797600593737
dog,5.311170526064138,3.5037994090697446
dog,2.2684720566392453,4.457715049184635
dog,4.1883821980304115,5.9814541471359055
dog,4.930071494822468,5.176501840762143
dog,5.639411699797787,-0.3151975451612408
dog,5.8838222722197555,2.235762626396779
dog,5.742886289250647,-0.09767627505638815
dog,4.339384800567171,4.6944882267449355
dog,3.858856294668659,5.8257751720404265
dog,2.824899545683582,4.2844271127544244
dog,3.9352322379095392,1.455641193458328
dog,0.7961080003943893,4.137366285301269
dog,4.480099708356552,3.687984928682382
dog,4.564150350190649,0.10636074195669366
dog,-0.6934924726904346,3.443652410138669
dog,1.7025341613297744,3.275894040970316
dog,0.20319579396071538,3.7884285409742016
dog,1.3781161364370162,1.9863396292892261
dog,2.387871226992319,5.193380698905324
dog,1.1823990288022195,3.415424425250622
dog,2.866252619185369,-0.02984066800210945
dog,0.08249968401704016,3.1613336701137666
dog,2.6644848202554723,2.331388897680495
dog,-0.26360023229039015,2.1030711463472986
dog,0.9697525551547019,3.8845220594126944
dog,2.4734173526515617,5.37232032988772
dog,-2.6503733476087334,3.3699895567660128
dog,5.074998105597815,-1.450205402974608
dog,2.2023561004542684,6.36677682833296
dog,3.0245420106782683,3.610440343192907
dog,1.1823274555448227,4.718867952047942
dog,2.2079472842581325,4.911283193286692
dog,2.8790564007969865,2.25884749446016
dog,4.918788656741939,4.43024788739195
dog,3.6501073935896966,3.268846552519743
dog,5.766245406364131,2.84852728833873
dog,2.2212948553227365,6.165350081388503
dog,5.56058746049405,-0.3561568504447761
dog,1.7752996915216364,3.8973536040143806
dog,3.0040087050729585,-1.0625553052951353
dog,2.2939033216434184,5.599291331542778
dog,3.4549740493463985,4.956079749448659
dog,5.012753648744008,4.4689349472609505
dog,-0.9714458742238139,4.37489583622166
dog,2.501619080016843,4.309681004037121
dog,2.049679581136535,0.4410522318956464
dog,2.8897935186874917,4.53196676811983
dog,3.8299903886275573,4.114903821384201
dog,3.7319935104416952,0.4731195604457901
dog,4.281180388444635,5.508159842421728
dog,4.807742797203325,3.2232910143402416
dog,3.5013553339813686,6.132853785618311
dog,4.461403992494901,5.198540302928133
dog,2.32583539191646,-0.7602671107674801
dog,3.9842278981433843,1.7199604610647894
dog,4.458802498229254,4.94855083357596
dog,-1.7815088834004613,3.1872182187417994
dog,-1.8092232747516124,4.17988796336547
dog,2.3881179927693688,-0.3122547727028604
dog,4.947133741349391,2.71063259838574
dog,5.469982948915964,2.318539336973609
dog,0.36288904592864824,3.7548766926451584
dog,2.6741826140239033,1.1805642940410874
dog,2.6597845902967125,2.4458172702301675
dog,3.411435034009951,3.4558847867673306
dog,5.588449547438443,0.5877030293181215
dog,4.992245051945515,2.640517646899511
dog,2.2730166782189385,4.996540990059846
dog,0.39958177114251997,3.7996260895826204
dog,3.47614057017987,4.154911144082396
dog,3.473531632348592,4.0376212777637095
dog,3.4302428042942026,3.9061405499745354
dog,2.3626001824698895,-1.0656615506784384
dog,0.9779685536581185,5.214854930222182
dog,1.0003419646671605,5.112321811178164
dog,4.3207075265656085,5.344940995875241
dog,2.4665357766322624,-1.2194926427439259
dog,2.6245300119815242,-0.46388762747555157
dog,3.166316701808201,3.257397332985439
dog,2.6403313528631664,0.1120388552985144
dog,5.590431071661831,-0.2619105787692544
dog,0.7172582996745722,3.8485988495978845
dog,2.64292211399156,4.318797675323914
dog,6.217720635152371,4.322200832905146
dog,0.5506917534080893,3.636126457031579
dog,-1.923178139691649,5.430889207735753
dog,2.7768593120168523,5.277985505176219
dog,2.198664284184089,2.415440152066394
dog,3.402658174433971,-0.5974137620065587
dog,-1.5713347980470096,2.396109976973038
dog,1.357099969834051,1.8651096098851663
dog,4.884586828927321,0.872094399335086
dog,0.4884051380939489,5.313306798946488
dog,-1.9498046064482064,0.04347920022453271
dog,-1.176177320137852,4.417772573343415
dog,1.2128897225595638,5.745424349564961
dog,4.220032396541373,3.768691455902636
dog,3.2538835689593313,-1.390972478206251
dog,3.2319809128077095,2.893522984741839
dog,2.5135904638183546,0.7435099221632452
dog,2.2473749353607233,3.0425572892637875
dog,4.496692239805081,2.920528546089347
dog,3.5220017499029916,3.999714753546294
dog,4.038119103782623,1.538708295740648
dog,3.0514335295811392,-0.9584530818831721
dog,5.184291391165542,1.4047669346773428
dog,-0.4271309063019581,2.3260977251600496
dog,4.151671740140242,2.73576439813445
dog,4.10485900416771,1.6472952188248289
dog,6.332496616808777,4.0714649608722
dog,1.3612067981896352,1.4769743507177524
dog,0.22937468943090858,0.9222944465544942
dog,3.3287914593702186,3.9416642109679465
dog,2.073231797043707,0.28336290767469474
dog,2.5538697706595896,-0.5505931922467712
dog,5.467208784732286,3.1401395711343154
dog,4.841824786911172,3.8588511885567036
dog,0.9840948271941281,3.6385872129737002
dog,-0.9788705047774204,4.363667735564958
dog,3.662070586228849,-0.5248747898670072
dog,1.2165482150734255,5.147122014117661
dog,-0.5335145525054603,1.0849890329106031
dog,0.7570535364458902,4.680583432461594
dog,4.365053018136764,1.7263783927706091
dog,4.013660282137939,4.075678838690974
dog,2.4392818927360675,-0.8058112422423058
dog,4.60819430374394,6.027766711364711
dog,2.777597751523792,5.190915562105947
dog,4.50647056112754,5.965973930717833
dog,3.2209300746368728,2.1695905663284956
dog,-0.5216316238919266,5.118810006914853
dog,4.884067395422734,0.020669497529404782
dog,3.4694951114962818,4.115965510317051
dog,2.0203699308859795,-0.10306111850383048
dog,4.62904781552343,3.7834052412530097
dog,-2.252595732403609,4.6059511046807105
dog,4.763652916426978,4.403199132873782
dog,1.8492457196074843,1.957239382860155
dog,2.28641260121742,-1.0234818895390045
dog,2.406657404510764,5.41392876704956
dog,3.6681156487274498,0.2865712099090338
dog,3.245429622966856,3.495186630281145
dog,3.505468557373674,1.1609244407325972
dog,0.4480974019048862,2.348027533634666
dog,2.716899734469651,0.43277951865743164
dog,3.3876864129168154,0.797328890753077
dog,-1.3738862725423833,4.853561622474449
dog,1.1773389557297484,3.681727494925356
dog,2.3677714121762343,-0.6116476768583602
dog,3.398594625179003,4.050493050201384
dog,4.205870526300878,3.5603250453782542
dog,2.815430536085164,3.438435232862014
dog,4.560039130134507,2.3094979655427554
dog,-0.4672628332828207,2.2399138180524196
dog,-0.17142388893431315,5.117286149589987
dog,2.2186195914884723,5.638970034472758
dog,4.94865882147665,1.492491349336565
dog,5.001304011417707,5.703075645699417
dog,4.424778709115007,2.795522130451289
dog,2.0208533226780756,-0.2121183105133308
dog,-0.06910035170741917,3.267022026895129
dog,3.710650042193363,3.5297341391155417
dog,-1.5402799942137426,4.925533142784087
dog,0.3066415131896893,4.029150232839512
dog,3.619337156951188,3.3977153502132755
dog,4.663677423057026,4.657305857305856
dog,1.8209059503801623,3.7017977635060433
dog,3.4788462475535256,1.871841764684275
dog,0.1797977153281558,1.9236575746872575
dog,5.041119255462604,4.954783112350518
dog,4.553591298252465,3.9461886390947263
dog,5.548599582000823,-0.5836597153693706
dog,5.378519601263139,0.6914269849679163
dog,5.134167524934424,-0.30484390391863514
dog,3.3840548302178006,5.2413217608411395
dog,3.4265570167035126,2.369807049655762
dog,0.9180350740071807,3.9840198544820336
dog,1.6260367257780461,6.116877931000069
dog,2.2871050404814683,5.852263753202485
dog,-1.358239568539025,3.078324737332866
dog,3.4939139388848335,2.572509579551911
dog,2.5753982665116872,0.5114640293708446
dog,3.9702609652521472,2.534582789913212
dog,2.564437576435928,-0.7569165903330348
dog,2.538020507979901,4.0006998714292195
dog,3.7064728035800623,1.198096781428831
dog,2.158296657890467,5.688734269246499
dog,2.838745448055237,4.330019204138972
dog,2.4644691205625255,2.575665366863259
dog,1.8274799444574243,3.3963486129020173
dog,4.94458510003957,5.7245373560124495
dog,4.364200387890866,0.8966955049208473
dog,4.561850531599367,3.116141345518337
dog,0.6453830760066729,2.08091225001797
dog,0.5559247314056215,2.4224103012889935
dog,3.678652546099953,3.3957903918473153
dog,3.4207155844366466,6.327058104971987
dog,3.23442865382728,-0.9842601039561287
dog,2.2484037628672744,4.383036515622115
dog,3.3507457389735524,3.383643985813529
dog,2.5247812893950417,0.45144156052705364
dog,4.966441581733105,4.720737159307701
dog,-0.49418753484444033,4.961343827993578
dog,4.406198813824539,-0.6418901483777154
dog,-0.4197257028062012,3.1894005636818683
dog,3.727840015837119,0.18132954156293266
dog,0.5329281226985397,3.9834992505902065
dog,4.446080756646516,3.6147269219488756
dog,5.300393125883198,0.5322022700136889
dog,5.3870455784068,0.5604863402014938
dog,-0.00598016194241857,3.8161063039868948
dog,1.7714849407126472,5.974143526534348
dog,1.6001498629332256,3.172216989727245
dog,3.1217562268227277,2.4190330402417075
dog,1.3744068362752746,3.7877134355032918
dog,1.440244597174177,2.8938758932615762
dog,4.305843264039825,2.7228592686542488
dog,-0.3585499564604966,2.2046308220060324
dog,0.5234251365435948,4.7784316098887345
dog,-1.187197303776941,4.635326204643046
dog,2.1378743136144074,3.8701156903707568
dog,2.368341271997798,5.103657981657832
dog,1.5439313003469237,0.33074922462565665
dog,1.4977469550160907,1.2519621102967597
dog,-2.5811275716795268,3.3607239805829545
dog,2.332694170020959,5.313898068923127
dog,1.4794069119213773,2.4581100193391077
dog,3.8322418544812606,4.236166651823974
dog,3.888463012299283,4.157024695099375
dog,0.47926946714858104,1.6701963438708474
dog,0.11708777919465437,2.1937545969311802
dog,2.7831441750987884,2.8358694483549867
dog,2.3229638714476777,5.336236850752496
dog,1.8053576879813071,3.934748383367113
dog,4.229132499441153,3.967810807354135
dog,-1.6521157866290297,4.315824236585768
dog,2.8547794014864385,-0.43534010589503425
dog,4.218183528141652,3.184628662738191
dog,-0.6792600893625799,4.706107685913852
dog,2.3315592160523533,-0.15711914747818953
dog,2.6354382553209077,-0.4229566087376525
dog,4.630738736781131,2.937992460235612
dog,-0.035631409811004225,3.4632755773680173
dog,5.243941342669007,1.1074625051179523
dog,2.3086467297638618,-0.7536986726132219
dog,2.3624564981102174,-0.5237406074044086
dog,2.966285868811631,3.986826835778554
dog,2.4523008868268668,3.904569202368744
dog,-0.4730761864769991,3.282703489216443
dog,2.5478004397251324,-0.6571021150022013
dog,1.656122235469059,1.0238064587485147
dog,1.712249055921855,0.9287863747312439
dog,3.6711728130090444,3.0203425609388517
dog,2.023439914428989,0.8913551709493902
dog,5.043256644512522,1.171341766409555
dog,5.0465384833847295,-1.367933987294152
dog,5.055079048239698,-0.6902286820616002
dog,0.5257963772853564,0.6495563567541454
dog,-0.7838286757206795,4.476779719168812
dog,3.098514004829071,4.085392984452282
dog,5.202214852458734,1.091106140474527
dog,0.08772400145122237,4.106600114213125
dog,0.5555085037944064,3.2043801461818266
dog,-1.209639804841345,2.795381880534912
dog,3.953151272798086,3.998811508426334
dog,4.153758867081809,4.651181111899924
dog,5.609474971975624,-0.3978859184129407
dog,2.4582955458553424,5.809135979615707
dog,3.6763644583527983,4.088752863158355
dog,2.222704939199369,3.386759779729597
dog,2.135940615660892,0.06054226214487602
dog,0.7820260740582462,4.218410929136314
dog,2.2611661973379706,2.4402896419132216
dog,4.792340424328009,3.8722499689962326
dog,2.029194544034298,4.792413204452966
dog,0.9521254365866246,2.2574290086949693
dog,5.003155237436549,3.813088603893902
dog,4.277862506481938,2.9152511380961683
dog,2.376956740136121,-0.8952394270188838
dog,6.073362780035076,4.624734257675793
dog,5.116814486664259,1.3612685604190704
dog,-0.275950692316573,2.1973443847642016
dog,2.4937860315066014,-0.9726434533783791
dog,3.9784028612080022,4.574059380469637
dog,4.510251588084897,0.36132190153178145
dog,0.02400304131809025,3.2450914720360196
dog,2.6817239478354074,1.6421836417292657
dog,2.03369758056619,1.9238401469400972
dog,3.4734067406306597,1.3677641723489184
dog,2.8120107720017478,-1.8310257872272286
dog,4.0319805750720255,5.208460129856425
dog,2.4528782681813652,5.238945150853739
dog,5.642694935913808,-0.0041798844584606054
dog,5.226303298635102,0.9147257364918817
dog,-0.06755525018708287,3.3984448398915243
dog,-2.270720064961344,4.643761935938361
dog,3.0373884381223766,2.779570141405003
dog,3.4647235099456206,2.179241453858933
dog,3.6760726572525813,3.3615991848125204
dog,-0.3738493522394962,2.4382785365964805
dog,1.0054789605158392,2.42125051491363
dog,3.17997869367139,-1.071713395209591
dog,-0.6514897398354859,2.394138734610195
dog,4.927115727374322,1.9408756199137875
dog,-1.6546726048374392,2.36367064725439
dog,3.9856076160295495,3.771999790099611
dog,3.348145345938276,-1.0191432476235487
dog,4.076993247701323,1.366031018840666
dog,4.20460463621396,5.798516314897761
dog,2.199605366007362,2.9930119853176564
dog,4.129845181304469,5.886900839125252
dog,0.35027062237775985,3.6408506415929893
dog,4.478120448555607,6.113062101146679
dog,4.932929831466383,1.012405375151083
dog,1.1465657677472245,2.145557653394745
dog,0.06675915231815135,3.6525673379159684
dog,1.2566850169932777,3.832556998259096
dog,1.1064250616577742,4.506079740062212
dog,-0.3503491427854758,2.856537162453267
dog,4.052869025751158,1.7347195243479743
dog,-1.293858671207795,3.3356670883996333
dog,0.22579107708289797,2.8687727133119085
dog,3.9694874260855384,1.2235393117180442
dog,1.3257134572682643,5.250697776392534
dog,2.3787907818636658,3.57361304885885
dog,0.49522206649366196,1.9150618368562744
dog,2.4481676881306447,-0.1169975107151402
dog,5.444441584939842,-0.3674828455662185
dog,1.9033543491382208,5.993541110201195
dog,4.194534980373683,1.8245398757997286
dog,-0.2817870235319041,4.766270074546942
dog,3.3244807628088897,3.02246874298503
dog,2.685436629629316,5.295929922217199
dog,2.5440624630452846,-0.3736268594956719
dog,4.639883100403146,5.1640566943243424
dog,4.48791486539264,4.314502180191161
dog,4.774845772941942,2.7721813379994953
dog,-2.0601431797439833,3.34351303814869
dog,1.5016309055056236,3.181551245540674
dog,-0.3868422496723189,4.711314238552505
dog,2.1503111778423682,5.913617217644601
dog,2.8217270917212005,-1.908441680295114
dog,5.761713365546857,3.5762804246510576
dog,3.3126039090064636,-0.9396510820863326
dog,6.173115908491256,3.8131031071415777
dog,6.185131195359052,3.6392397183217247
dog,2.723671213937742,-0.10199672868657475
dog,1.7661522083593333,3.892148184796447
dog,4.173826850801563,1.5630416418277824
dog,5.308313740127111,1.009811883680881
dog,3.1188123522133884,3.1832501810080895
dog,-0.3254017528410551,2.4002698697669094
dog,2.776683247042015,-1.823848297183306
dog,4.659624304129644,5.1670638337222465
dog,3.887545217792698,2.8066714883903785
dog,3.3692946299406463,5.192813225233984
dog,2.737621493839305,2.6947040881685425
dog,2.290959055744717,-0.45639430342684556
dog,2.1901457222497913,-0.5473130572495888
dog,-0.6294770380369167,4.348431895265083
dog,2.8968142424794405,3.853609353315122
dog,3.9423234102219,0.6498189465044422
dog,3.0708670701295913,-0.7959841497565664
dog,0.840371377806432,5.23663040862878
dog,4.603518752363846,1.175739539572927
dog,2.7295996135516742,3.5262848915692775
dog,0.5209995708431476,2.1602338375432213
dog,2.13742111485982,-0.9672692393564228
dog,3.6813081922923314,5.208903035755138
dog,0.8239491907300005,4.03270319981569
dog,3.811876120389726,0.6043559414514985
dog,1.959208208960368,-0.6710954454298379
dog,1.2741152631376857,3.394793087703489
dog,-1.8664261255895065,5.4093209124669395
dog,1.8299715469444728,6.1592769829242835
dog,-0.7084147173004477,5.033283320709556
dog,2.182462640997961,-0.36823614776408214
dog,4.782045912842874,1.14375121158066
dog,1.6336718267008516,4.794478679362014
dog,3.7849121185581858,1.0105393169351666
dog,5.11405233578058,0.5545502280480147
dog,4.208555806228782,2.395677875827284
dog,-0.11748296347597413,3.1150042401695957
dog,-0.357273781685018,2.5152864423799284
dog,-1.3892817694119204,2.6354478432091577
dog,0.8642839080612158,3.631212231146092
dog,-0.41605158622383004,4.526900676058861
dog,2.54241695761294,0.01682133016359103
dog,4.601529594761742,3.513940064539496
dog,2.4808610962288884,-0.7940960174707612
dog,-1.534299843431175,4.256081636179985
dog,0.7321180556606212,5.368141221783904
dog,4.5320447061709705,1.7015158867197004
dog,0.4689729141641273,5.2673572666684
dog,2.4114826806344527,5.510510535173162
dog,0.7848198246250597,1.7875035647090929
dog,0.841564067862779,0.7808414185871978
dog,4.2438464660279545,1.6206102931063655
dog,0.8953362814535308,4.044476466543374
dog,0.5266451383926276,1.042339812209522
dog,4.425907478381471,1.1030555000065865
dog,1.0309310132152967,4.552202472809656
dog,3.8960144007885216,4.118109127633425
dog,2.608499142939267,3.1996891726904106
dog,1.7758927760093581,3.7636339099085796
dog,4.490024261612822,0.2519371275380473
dog,4.16048377389891,1.2870223323678884
dog,3.660011868112515,4.572931554591967
dog,4.252155099620626,2.4918391218656
dog,1.5772805840128088,2.2991498595393782
dog,2.9489800711495318,3.786015681781235
dog,3.299900827505134,3.0519157902089793
dog,2.6870010753438853,3.6144983666317194
dog,4.446040247698824,2.473637789282672
dog,-0.8433546058584734,4.316761983253956
dog,-1.470115127886449,4.1280634758873465
dog,4.869086333537521,2.7574019771199554
dog,2.3738335347469404,-0.8055877432555669
dog,4.748276565493057,2.1078247551376457
dog,4.5323234818613924,4.38915275099596
dog,2.735507426355713,2.5648484149675457
dog,2.6913041682287195,3.336961868634606
dog,1.0096758717217071,3.7705730418934134
dog,4.387909693823379,1.1633043510896997
dog,3.671125847455654,3.331677755526471
dog,0.9242947371604346,4.642626803743345
dog,0.614753049160075,5.517211696188406
dog,3.5282692872578134,1.8380710142824284
dog,3.753119663037879,5.679799288475379
dog,1.8199863185055207,4.837737970921839
dog,3.9693710756519067,5.365179104718319
dog,4.1809745280074875,1.6788686757016928
dog,-6.170887903803767,-2.4248597187708465
dog,4.894777038387572,2.985105875265345
dog,2.3255700480535038,5.461589848639135
dog,3.043616844614298,4.33410792677628
dog,5.573525001566184,-0.30143201317733176
dog,1.8024469108754029,1.9394433265253448
dog,-0.1273334475480568,3.3158352893800624
dog,4.884430098792448,4.712098394540931
dog,2.2459398349134747,-0.5370631090535313
dog,2.375289052710979,-0.9261412253624779
cat,-1.9835656874502148,-4.9108642717080215
cat,-6.048048741886357,-0.42730296893520275
cat,-0.2852362201817571,-0.5205614514082251
cat,-4.63603418778929,0.7408173781432466
cat,-2.214822382018627,-0.8433828223732592
cat,-5.370049998984501,-3.0304081711693573
cat,-3.156945771066335,-1.285900121464315
cat,-1.7223883515537624,-1.215364982997717
cat,-2.2354592215282985,-3.949053880969251
cat,-1.7049407931451188,-1.8122672313879378
cat,-5.12550847073529,-2.4079413515465062
cat,0.33203051623776497,-3.1660359035782277
cat,-2.7223358019176613,0.4406902147458931
cat,-0.9707538071316262,-6.556171998897885
cat,-3.4511288943918883,-3.700596999483582
cat,-3.9857081198969317,-5.05247490075668
cat,-4.049117896563847,-1.5624297437286028
cat,-2.7244477419786612,-0.7204380279939054
cat,0.5494263435919606,-4.302696277650967
cat,-2.603943961866181,0.42705559237558466
cat,-5.208224666221574,-2.1970871276088975
cat,-2.0277337510391744,-0.7503795491681405
cat,-4.306247036907645,-2.507178366434726
cat,-4.027869274914318,0.7551575773358905
cat,-1.2132284946537661,-4.258429151384643
cat,-4.36880927816082,-1.4803494964858455
cat,-5.018259275353184,-1.8792432709040554
cat,-3.9972540309550872,-3.5625838317583804
cat,-0.40678986187851,-0.8850030955262476
cat,-5.619505603396366,-1.0524652893827946
cat,-2.1548176946424333,0.009431836224391537
cat,-3.058104842930818,-3.7247903291593905
cat,-2.0093240149324645,-2.210040924959509
cat,-2.1635616877371944,-4.157938796823274
cat,-2.030638766870995,-3.8323188908497987
cat,-0.012304647258944545,-4.518880565817168
cat,-0.20923229056122492,-0.4019893671021628
cat,-2.6757139318483985,-3.1247799782600243
cat,-0.11894051060174418,-0.6021797873189082
cat,-5.296100781306327,-3.5834541480965214
cat,-4.488824611005168,-1.4597535656463345
cat,-2.104077805416646,0.4902903884317374
cat,-1.7074520061849567,-2.7070593291318015
cat,0.06942074360835716,-3.976206540943339
cat,0.09475602105744696,-5.996783817058089
cat,-1.9849449982214227,-4.293856851636724
cat,-1.6920991334564477,-4.247305789434924
cat,-1.9746550665335019,-4.89498428335135
cat,-4.069913526697675,-4.821226640420213
cat,-4.887163887415819,-2.1567321573720677
cat,0.20365720096915263,-3.5447198502741557
cat,-3.9987178278621993,0.22633812406786402
cat,-1.8403071815847882,0.11979350207625541
cat,-4.737227983434469,-0.5487797676196019
cat,-1.4344401097865136,-5.281771504445188
cat,-3.2839671840617504,1.1782018331259019
cat,-0.22208961586671366,-0.4866193436278853
cat,-0.05473472339948147,-5.786872121809009
cat,0.08327733609237004,-5.890811751259434
cat,-5.235162053143633,-3.6017564825783155
cat,-2.477579525871029,0.8838945300038787
cat,-3.1603681790065905,-2.447461783294516
cat,-1.9482014933145493,-6.73136291805497
cat,-2.0034692577113495,-4.0962015490249675
cat,0.11684677559055781,-0.8408777377605906
cat,0.05516778780740527,-6.048021376614054
cat,-2.019320643544304,0.3341936558349241
cat,-1.5433722340476606,-0.07249224397120901
cat,-4.163238425552471,-1.6390712706242956
cat,-3.367513878254244,-3.309694532928479
cat,-1.0761324221980686,-5.613944691391792
cat,-1.873697960440464,-6.7973565341401585
cat,-2.6408103471034186,-1.2708222307928303
cat,-3.826345334564345,-0.4731966053854463
cat,-3.0053846702683145,-0.6385443839571514
cat,-6.145484934478303,-2.151817645162372
cat,-5.2533285278811945,-0.9739731244027161
cat,-5.336000061165025,-3.6420796281789514
cat,-0.07276606879534434,-6.095202115026492
cat,-1.2677844968287348,-1.6925469526671106
cat,-4.471609722871798,-1.508122408129388
cat,-1.957844776471314,-6.326170403587854
cat,0.04205802374759051,-0.8797897786018299
cat,-2.045297591139941,-3.598384473209047
cat,0.47673322717205074,-4.764463327819334
cat,0.0802005771348151,-0.8883134999449861
cat,-2.0046930947658894,-5.348232278743429
cat,1.454922491920895,-3.5746628543027774
cat,-0.46171532396350334,-6.205361250352274
cat,-3.341630761738728,1.4001514812650966
cat,-1.2550903146068213,-2.091708620921871
cat,-5.5013773249085665,-1.3252220147968434
cat,-2.036059597550864,-3.325485594878577
cat,-0.2872953563712066,-3.8054479266798613
cat,-2.645022836355865,-1.1092506169659997
cat,0.296393184477873,-5.8283847930963715
cat,-6.241357775432161,-2.213128461920509
cat,-5.0467019491470495,-0.4895918002818097
cat,-4.595772223737078,-0.8623261333849305
cat,-0.6900832144378654,-1.8993249040525817
cat,-4.041289436651915,-1.973923688792009
cat,-4.46901207964455,-1.3452627123559928
cat,0.21407649740815068,-3.942855150371699
cat,-1.1713691706229425,-2.594735261923703
cat,0.14576997573786415,-0.9723367049888695
cat,0.4316511059534522,-3.411579482731556
cat,-5.450598633952475,-2.455273101614998
cat,-4.196524632045508,-0.706655075304442
cat,-1.9100935996595858,-6.075089087651118
cat,-0.8755774218333692,-4.375540428996323
cat,0.08104615525094955,-4.290992716910341
cat,-2.8772090610128216,-0.6316341179421672
cat,-3.4287184513654028,-5.265051367263527
cat,-3.9916931695912727,-2.7107270394192566
cat,-3.1137112981961987,-2.6855314003852673
cat,-2.3758211707918053,-5.121351286079738
cat,-4.045959628698742,-0.8359282476803253
cat,-0.0679746666462059,-4.042605698034858
cat,-1.9300804934424387,-5.3018375554201365
cat,-1.936730434805398,-0.13932812954638996
cat,-2.3096500570267025,-3.9600321344051035
cat,-2.3414877535911005,-4.436085893090697
cat,-3.574903260352351,-0.4449865413881117
cat,-3.6719221153301644,-5.171583556524358
cat,-1.4828429137028636,-3.0407941912099883
cat,-4.249716359678024,-4.2157331525212065
cat,-2.1771496686331067,-5.728715984382243
cat,-1.9150161184529422,-6.184062872096635
cat,-4.988171458068467,-0.3772877162511824
cat,-3.3238007455698746,-2.334631531479912
cat,-1.8105451911522075,-4.043519627749443
cat,-2.129914385459021,-0.1572144108026588
cat,-4.04067550657241,-2.3233788141392546
cat,-1.3892171158817945,-4.6805835643486855
cat,-2.1520199595360294,-0.2974147212647615
cat,1.1063303264595061,-4.607950072386021
cat,-1.5624091034988346,-4.822063236866137
cat,-1.5192427545790856,-1.5851612962750192
cat,-2.853801685423643,0.3180169701307456
cat,-3.135203988257932,-4.085768348939383
cat,-3.9337435638290565,-3.9259186454823887
cat,-0.3025234455739071,-0.15765235128879565
cat,-1.322352641814772,-6.7288097597652285
cat,-0.8072432991554989,-2.3950337320050843
cat,-1.0968330343479902,-6.0282193590447175
cat,-4.7879279862302715,-0.9163400962441739
cat,-1.6696316065037775,-5.002282996453099
cat,-1.7274034956815643,-1.15993689970696
cat,-1.8315556003435338,-6.966708592343411
cat,-3.7929018433746524,-3.6983719377892075
cat,-0.003982890420482822,-0.7381861626643261
cat,-4.15718405201633,-0.48273576630080844
cat,-1.8733164836014944,-6.458722345597869
cat,-0.6175913197078555,-0.36962138092414226
cat,0.04877637990068946,-4.477628371158657
cat,-2.4947856974027993,0.7585446901344469
cat,-1.6592522579669984,-6.696970456363654
cat,1.1227957474448145,-4.453618948835467
cat,1.0579022783074101,-4.390489633096263
cat,0.8852321883104606,-4.456789211755744
cat,-4.193805440278625,-2.6144899378961637
cat,-2.9200048442115447,-1.196284408828247
cat,-0.6623097208355,-4.600469801518358
cat,-1.8797693845109955,-6.200368972946662
cat,-6.254386968669678,-2.1895900710822414
cat,-2.16714547174317,-5.391364937437025
cat,-4.505727320356115,1.1050950312209036
cat,-4.709313678780638,-0.7615155297844951
cat,-0.18488046445338316,-0.49224325944840547
cat,-1.6733019475205344,-3.746985358047016
cat,-2.4701490875633785,-5.571746422158747
cat,0.12710721057269347,-6.2042778223498525
cat,-1.7468085106680251,-6.4369956374886605
cat,-2.7909471078709793,-2.23254230695033
cat,-1.6643850180941515,-4.566405043632139
cat,0.1267162676702212,-0.9300775509859126
cat,-3.104507538021698,-2.8643581734486103
cat,-1.14613017221087,-5.833942983391634
cat,0.18590512705473278,-0.9865049219381334
cat,-1.8238813855922462,0.00453770140906512
cat,-4.194636151168341,-0.5064286903843258
cat,-1.6732136944244982,-6.437390464509871
cat,-2.1560019884810186,-2.03502056818743
cat,-5.318978353842213,-0.6518659753320883
cat,-2.0027265940407464,-4.0820477944753275
cat,0.726041544181275,-5.635455921396686
cat,-0.4191246491738426,-0.5513234072995394
cat,0.0016220953353235324,-1.2711351094348193
cat,-1.8064716420420817,-6.717245951547057
cat,1.281518142027266,-1.5371391783869504
cat,-2.7820300647099425,-3.523227143467433
cat,-0.765249402582164,-0.6099460415184945
cat,-5.3429013446263,-1.0412199643291713
cat,-4.417367428892999,-1.738957307180235
cat,-4.054825962387052,-4.301361492255672
cat,-2.863421493888173,-4.696054811704555
cat,-1.921420553238289,-4.8410625696437055
cat,-4.6782159952213185,-4.27385711813285
cat,-1.9273274032291878,-0.6967550913674204
cat,-2.4976592003758364,0.5213417937558723
cat,-2.853389843786082,-3.5421069833831305
cat,-2.233373194017021,-5.498915922579547
cat,-2.281280856470115,-2.9000028815987595
cat,-2.081867006323235,-0.38772635088374824
cat,-1.7545811461357075,-6.618804281151566
cat,0.8719687203348806,-4.386032170324541
cat,-5.296842566118563,-1.4552447938769395
cat,-3.191260459332333,-4.8003851294037885
cat,-5.919108000567785,-0.3913786594896263
cat,-5.891842468077935,-2.2201879741005137
cat,0.17069728436338275,-1.035734457394707
cat,0.04096675334975461,-4.407484858558356
cat,-0.23749046110494315,-2.21502189310041
cat,0.13577048090671992,-0.9831565863386938
cat,-1.6350468431584173,-5.482775551357743
cat,-4.205119491000837,-0.08424892673387134
cat,-3.8157884224432204,-2.312525565363633
cat,-2.5700239074061986,-5.4275831046542695
cat,-3.7764295874989036,-2.377104319137708
cat,-2.5738568041326757,-0.7552995321183537
cat,-3.628383953423184,-3.2527393555350144
cat,-0.6345362823937168,-3.6995445982752204
cat,-2.7433821920337498,-5.202427598077631
cat,-3.237464393347333,-2.8878316965006388
cat,-3.2147520824746385,1.7667334822354224
cat,-0.681967519054895,-2.221358166028648
cat,-0.5884614100142083,-5.284468038626944
cat,-2.6408654601972947,-4.804967015663195
cat,-5.6811993543853285,-3.1976183519523973
cat,-3.9792329604725976,-5.153692608487927
cat,-0.37357157105058986,-2.339510463556117
cat,-1.8327588565833988,-0.21583467206469764
cat,-4.008421291422793,-5.050849466415537
cat,-2.865500922894383,-4.108621776691037
cat,-0.9831459288752887,-4.85658807397056
cat,-0.5015507113135986,-3.653524431117422
cat,-1.706219760508881,-1.5316163653007266
cat,1.3561307999668675,-5.2355147959992525
cat,-4.738326229827124,0.4875599656890543
cat,-2.1452384970379157,-5.508092649193372
cat,0.0018215188611724002,-3.768125586473646
cat,-1.5127109385528679,-5.045145765477387
cat,-2.137968038101082,0.37603333831925295
cat,-5.4580436569875825,-1.5373938226738655
cat,0.1711663395044964,-4.833221068229517
cat,-2.6537395886666295,-3.7978070294694715
cat,-5.207140601353517,-2.956141131845025
cat,0.8737190216830704,-4.3846976505220745
cat,-4.091554106229961,-4.845184135677103
cat,-2.6653727911909444,-3.738618976984282
cat,-5.079991679529258,-1.5920133715793097
cat,-4.882991507027473,-2.4852322469522634
cat,-4.024103327546382,-0.576847829398352
cat,-4.56588883944748,-1.643698844162695
cat,-2.82320828110685,-4.524049544392009
cat,-2.748015996379625,-4.533424184299382
cat,-2.4054567488393945,0.3906194295663641
cat,-6.167137662852237,-0.903429217702682
cat,-6.156031109012964,-1.8727526161784274
cat,-4.075323891916641,-4.6886296144980335
cat,0.28126331831622786,-2.9488920028148873
cat,-4.963906995240784,-2.5429037505961753
cat,-3.6604974818676146,0.04289397565385286
cat,0.15398047288447111,-1.0195607770252926
cat,-3.814353730566734,-5.068180796959636
cat,-2.0637460160453927,-2.4745427497616164
cat,-5.529104523284407,0.40356142125853156
cat,-0.5475423872829333,-2.3027959017038566
cat,-1.5411179726744995,-2.335392318629064
cat,0.24290247317098537,-4.633923727598833
cat,-1.8046956936227165,-4.074794554542655
cat,-4.413128105694117,-3.4052632195975945
cat,-4.686190347701245,-4.966825552991654
cat,-4.318293353038429,-4.495373487050453
cat,0.4675423880197386,-2.7828683544739214
